{
  "global_speed_min": 0.0,
  "global_speed_max": 176.15790955394857,
  "global_speed_mean": 4.435526469090949,
  "duration_mean": 1373.3588828671327,
  "distance_mean": 5903.814444433439,
  "n_trajectories": 572
}