{
  "dlat_m": {
    "mean": 1.4356125593185425,
    "std": 799.157470703125
  },
  "dlon_m": {
    "mean": -54.41958236694336,
    "std": 1220.5447998046875
  },
  "dalt": {
    "mean": -0.30095523595809937,
    "std": 39.050079345703125
  },
  "dtime": {
    "mean": 4.286769866943359,
    "std": 11.240650177001953
  },
  "gs_kt": {
    "mean": 366.357177734375,
    "std": 120.341552734375
  },
  "heading_sin": {
    "mean": -0.15227040648460388,
    "std": 0.8107113242149353
  },
  "heading_cos": {
    "mean": 0.03325992822647095,
    "std": 0.5643203854560852
  }
}