name;polygon
Rbz Arnsberg;POLYGON ((7.849932045977419 50.924659423239596, 7.16865158739116 51.29759209069699, 7.124231585631222 51.55198841669374, 7.831352677770871 51.74458859426368, 8.46174362241927 51.72410119320575, 8.547782974024624 51.46771868917955, 8.970231185583103 51.50910950589946, 8.125974029325885 50.685897468722146, 7.849932045977419 50.924659423239596))
Rbz Detmold;POLYGON ((8.844227535182071 51.546423095408954, 8.547782974024624 51.46771868917955, 8.075582741788223 52.01076038603307, 8.51729106600302 52.18517220136196, 8.29710670622806 52.456474842849055, 9.134011595579297 52.483992239574334, 8.985775538490888 52.1946478919318, 9.445403642963985 51.64392248773724, 9.157725237551057 51.442913980601624, 8.844227535182071 51.546423095408954))
Rbz Koeln;POLYGON ((7.269728059498672 51.14616227315493, 7.390310204176555 51.24652024540188, 7.708242298501843 51.07697722812738, 7.762650079830279 50.84465875904513, 6.698620913598593 50.33568907319852, 6.405531809818581 50.323335620047814, 5.866312994148974 51.05110223258731, 6.250900631565111 51.19020021250527, 6.58150859272457 51.01836947664725, 7.269728059498672 51.14616227315493))
Rbz Duesseldorf;POLYGON ((7.16561765702654 51.15358882675009, 6.715635234281504 51.01500607573008, 6.082190665546019 51.171633376685044, 6.223556734671279 51.47496284152905, 5.945017382160185 51.823535075203, 6.156505739636476 51.905207840035466, 6.912519588228473 51.74503562705702, 6.832570291237243 51.57996420216407, 7.3066062842491 51.2515913646524, 7.16561765702654 51.15358882675009))
Rbz Muenster;POLYGON ((7.417377536921436 51.661791054173044, 6.928613966430625 51.497073411302594, 6.912519588228473 51.74503562705702, 6.386844414480884 51.864458181423856, 7.604231102201874 52.47500810367272, 7.990957132276443 52.30941004032898, 7.884930356680371 52.083279540885655, 8.320086362337634 51.72561101068851, 7.417377536921436 51.661791054173044))
